<?xml version="1.0" encoding="UTF-8" ?>
<XMLDB PATH="local/eruaapp/db" VERSION="20241201" COMMENT="Tablas para el feed social de ERUA App"
    xmlns:xsi="http://www.w3.org/2001/XMLSchema-instance"
    xsi:noNamespaceSchemaLocation="../../../lib/xmldb/xmldb.xsd"
>
  <TABLES>
    <TABLE NAME="local_erua_posts" COMMENT="Almacena los posts del feed social">
      <FIELDS>
        <FIELD NAME="id" TYPE="int" LENGTH="10" NOTNULL="true" SEQUENCE="true"/>
        <FIELD NAME="userid" TYPE="int" LENGTH="10" NOTNULL="true" SEQUENCE="false" COMMENT="Autor del post"/>
        <FIELD NAME="type" TYPE="char" LENGTH="20" NOTNULL="true" DEFAULT="status" SEQUENCE="false" COMMENT="Valores: status, photo, blog, official"/>
        <FIELD NAME="title" TYPE="char" LENGTH="255" NOTNULL="false" SEQUENCE="false" COMMENT="Solo para tipo blog"/>
        <FIELD NAME="content" TYPE="text" NOTNULL="true" SEQUENCE="false" COMMENT="El texto o cuerpo del post"/>
        <FIELD NAME="attachment" TYPE="text" NOTNULL="false" SEQUENCE="false" COMMENT="URL de la imagen o archivo adjunto"/>
        <FIELD NAME="official_org" TYPE="char" LENGTH="100" NOTNULL="false" SEQUENCE="false" COMMENT="Si es cuenta oficial (ej: MRU, ULPGC)"/>
        <FIELD NAME="timecreated" TYPE="int" LENGTH="10" NOTNULL="true" SEQUENCE="false"/>
        <FIELD NAME="timemodified" TYPE="int" LENGTH="10" NOTNULL="true" SEQUENCE="false"/>
      </FIELDS>
      <KEYS>
        <KEY NAME="primary" TYPE="primary" FIELDS="id"/>
        <KEY NAME="usermustexist" TYPE="foreign" FIELDS="userid" REFTABLE="user" REFFIELDS="id"/>
      </KEYS>
      <INDEXES>
        <INDEX NAME="timecreated_idx" UNIQUE="false" FIELDS="timecreated"/>
      </INDEXES>
    </TABLE>

    <TABLE NAME="local_erua_likes" COMMENT="Registro de me gustas">
      <FIELDS>
        <FIELD NAME="id" TYPE="int" LENGTH="10" NOTNULL="true" SEQUENCE="true"/>
        <FIELD NAME="postid" TYPE="int" LENGTH="10" NOTNULL="true" SEQUENCE="false"/>
        <FIELD NAME="userid" TYPE="int" LENGTH="10" NOTNULL="true" SEQUENCE="false"/>
        <FIELD NAME="timecreated" TYPE="int" LENGTH="10" NOTNULL="true" SEQUENCE="false"/>
      </FIELDS>
      <KEYS>
        <KEY NAME="primary" TYPE="primary" FIELDS="id"/>
        <KEY NAME="post_fk" TYPE="foreign" FIELDS="postid" REFTABLE="local_erua_posts" REFFIELDS="id"/>
        <KEY NAME="user_fk" TYPE="foreign" FIELDS="userid" REFTABLE="user" REFFIELDS="id"/>
      </KEYS>
      <INDEXES>
        <INDEX NAME="unique_like" UNIQUE="true" FIELDS="postid, userid"/>
      </INDEXES>
    </TABLE>
  </TABLES>
</XMLDB>